id,user_id,user_email,hashed_password,signup_date
1,1,Brendam.1@example.com,3cef137fc98f292856993e87853b8eda64ce21dd183fb88f4e7df4cb6bd30d15,2024-01-27
2,2,,8d006b6dd49081a87623c5cce9638709478ce814ea1ef0cfd691c35c9ed1196c,2024-01-27
3,3,Dianaw.3@example.com,01af7326a57b8111731036490d676dfabf75559c324959184751b2c154fe5cda,2024-01-28
4,4,Thomasn.4@example.com,ad9926a3b3c9df27633600d582fe9a00ee9df207600ac2b7ccbe6aaf13011c91,2024-02-03
5,5,Kathrynm.5@example.com,0c1fdd71d7230efc04524e66679bc5142ac7349537c24da9a2c48b98f0d16436,2024-01-27
6,6,Johnnyb.6@example.com,500a4d560c61502fb870244b003a6791f940aebdc0f65b89a977e7129e4bd0aa,2024-01-28
7,7,Michaelf.7@example.com,93e0a286a6c4bfe116f266e1949b57b6264be706a1eb7edcef97bf9c3b65b2f7,2024-01-27
8,8,Jasonj.8@example.com,e8d13a573a29e6267b7ad565edb524713fcb75ec8ff3260c9293c6586c2c8575,2024-02-06
9,9,Adamg.9@example.com,272887d7e440ae2f0bddbb47c75a086d994dc0ebb80a9848c0596f9c67756673,2024-01-28
10,10,Teresak.10@example.com,378891e4390d8d6c6a9e0b49b5f7433b312a26ad972ef4d87ec9b23fbcfce321,2024-01-29
11,11,Sarac.11@example.com,60297b611d6957e81e00f6dd6efdc739a0b8732cb7ffecfdcd85dbc2f3e64d18,2024-01-27
12,12,Jeand.12@example.com,2be7f0ccac815d32ad72f50ebe139246f4a089664b295fa8382cf264e5be0223,2024-01-27
13,13,Annem.13@example.com,9e881ac73b1701afd0270b110bc5a363a9b357e6d356d111378fc35160762179,2024-01-31
14,14,Billyl.14@example.com,098be5ad2fc3bc938b38ae23902795c0463e92b99aa1a2ae381c183cde2da62d,2024-01-27
15,15,Helenk.15@example.com,6b25f0db7972fc21e09d49abf2bcf694241064f5d18635a789dd395fa02ddd11,2024-01-27
16,16,Joshuat.16@example.com,5e120a34888f98f6841862a43f5a8b4b62de2750d072d2817035d419ed665f82,2024-01-27
17,17,Paulh.17@example.com,15cf19c8e454b8c640ccbb03a43ab2cbd9b85bb3c895de3ef668f38183fe1797,2024-01-30
18,18,Maryw.18@example.com,23a9622324ea8e5b0b669694d9f830778e457f5c1a7984acc1c1968c224606b4,2024-02-03
19,19,Jimmya.19@example.com,69baf65f094054504c44fb12b4e8f5217131a070ddd841666cfbd6c879f31bf7,2024-02-02
20,20,Helent.20@example.com,33a9acedf73578cba36b1de28d3ce27df09407209a3fce7e4e01b5255a6c8a79,2024-01-29
21,21,Teresat.21@example.com,7473e4581016809bdafb6332c9ccb93c0dafdd6aaaea53fb98153cde95e3c9c4,2024-01-29
22,22,Howardc.22@example.com,a59af7d1994ee93687441176e242e68e1fe7008986653e594492a2d803987c27,2024-01-27
23,23,Joshuad.23@example.com,212655356f6d36776e494ad0e5d350ee214f6048b1df6dbcfc61d9b08f1ec26e,2024-01-30
24,24,,90c415c126b4a148e254973792ab5a1ab628ac75b63d716e9ea0e382dc7c1a3f,2024-01-27
25,25,,94ab3a80f56cea97f3a93031962a1d2c380649e4c816732022eb5852d9357efc,2024-01-29
26,26,Normaw.26@example.com,620ef80f8469a491d7036e813807b346e73a58e1ea2b67a8bc097791cf7534db,2024-01-29
27,27,Johnnyt.27@example.com,6adefefed8a6cdf0a023c82a1f25cf2edd51454b94e1c38c94b33d53006122c1,2024-01-27
28,28,Michaelj.28@example.com,ab78aa733f6ff29aebf14fef48ec775c6a2b2a12afdb3cd8aff2ebcdc017f2e8,2024-01-31
29,29,Harryg.29@example.com,ae121ed17a15c9a97b953fa21759af1f4c48b77c3db9734a1c99a86a91468843,2024-01-29
30,30,Aaronk.30@example.com,388f42305f1291cb81f94f857eb022a520908f1afd440961b90b79812739355c,2024-01-28
31,31,Amyk.31@example.com,906b09b33784ac0c9ad2869adc8817463c0a42b52429e224e26259818d78fc71,2024-01-27
32,32,Francesw.32@example.com,827e88dc706af12fc47018a6e1a773a1cbace67bcb80f736ac63cea2e9f7d63d,2024-01-27
33,33,Annaf.33@example.com,e0bc3c99a3d34e37da983a397247c238bcff3eb98b1c3c0ee01c79b15398b076,2024-01-30
34,34,Martinh.34@example.com,028c9e70541ee316323567a54b928129f44774001766e02f67ff9b80f5c1f8fa,2024-01-27
35,35,Jeanp.35@example.com,e0ddb13ed901150a286b7dc6496ba8afa0aad94d162a41ca8a460bb522918c2b,2024-01-28
36,36,Shirleyb.36@example.com,97b0797ad02149181179c929e1f83a30761c45ea15db58681913efc7466fcbd9,2024-01-30
37,37,Amyt.37@example.com,96a148a3f35c1fc1736696d35eb51dd95a17aa91614327440af92c8041946f28,2024-01-27
38,38,Virginiar.38@example.com,4f91606b6883001d221e714629ea56ca68ca44620603c3ba004a505e4cbfc580,2024-01-28
39,39,,5c2b5f571ddf819b60da4f42b9822488eb16159a7c3aebb4c6fa33f3e2955735,2024-02-03
40,40,Victore.40@example.com,e0d3b519f882ef36849f16ee1a7a327c529a23431b8c85e63e465677cd3d090a,2024-01-27
41,41,Marieg.41@example.com,d3b85abf77bd993c0a37ca78acd862a4ee422bd50065f32573c19cb846aa7855,2024-01-31
42,42,Theresaf.42@example.com,eab500d391cf5344f7f726a7d8349cd2697095929a4ba3ee7a31e6287f9566d2,2024-01-27
43,43,Shirleyo.43@example.com,c48f4ab9c2349ddea4f1fac1d04c01259c1269d352c9e22050a66422bba412e4,2024-01-28
44,44,Virginiap.44@example.com,a3264fe9bbd9b173eb2404369d3d1e7bcb3da8f5b058e95a50158d43e90c5707,2024-01-31
45,45,Margaretg.45@example.com,69b0358b719033bc511c36a28bb6b01cd8b8c1efdee36d9706b6d305c79bca0b,2024-01-28
46,46,Brendak.46@example.com,1a11948f7dbf6bbcbde844f1452ec0976e8926bd52234b63969b9551f4e9ad74,2024-01-28
47,47,Nicholasj.47@example.com,90ede187961a76e273422d4723f6fd3c916b7b41594119600226cc93b87e0420,2024-01-27
48,48,Alanc.48@example.com,c5f3b1b2897d0c7d093176a01b08f18bf0e34553008d8024ae5eacfcdd33d352,2024-01-29
49,49,Dianar.49@example.com,42d0a01dcb6b00e91f49fa15762f92aa4272c43cc6ba84e0a8b6cc8ed682f093,2024-01-27
50,50,Adamp.50@example.com,84250b194d5185b5f519644cfc6cabdaf6cd75bd2326503d51309a8e11151fa7,2024-01-27
51,51,Laurac.51@example.com,358ae8df373f1efddc2c5db408cb8a209a0e245f04c6a82148bc7ea33bf93f66,2024-01-31
52,52,Amyw.52@example.com,7a74745a66230cea1073c0f43c8a6ec33deea5bf31da3ab1b320c76633448d7d,2024-02-01
53,53,Harrye.53@example.com,a89765c872ae620f267fbdd42ece4de398bee1060685ef52a6c4da5cd3b77d59,2024-01-27
54,54,Steveb.54@example.com,3bbcf5bba2f68ed45c4291089f8f837300db6f6b6dd089f821614dd781100301,2024-01-29
55,55,Thomasc.55@example.com,20f78c4ea45760854b56959da2ac2e2d8a8606e2ba522813cbbda2af2348ec05,2024-01-28
56,56,Harrys.56@example.com,727578d34b49f053ad5594b79531bb58b55e229d06d4b6a4aca63dbe8b15e2fb,2024-01-28
57,57,Alanb.57@example.com,aa71ebe2c4f0bcf72793d06b22e24dd78bdf32fef20b0fa27a67536aeaa90f21,2024-01-28
58,58,Katherinec.58@example.com,85a7fb575f0878f2d2feb808976e9298a81312a87585ff32dec61208d3ffda56,2024-01-29
59,59,Theresah.59@example.com,58aa55b4106e7ad398d9ef3a1c85816324a551bbce6571e1e489862e4c618b10,2024-02-03
60,60,Amandas.60@example.com,5728b667d7df1148de030000b54fba16dae15c8d47a4fadbaddfde4bb7f35994,2024-01-29
61,61,Dianam.61@example.com,36ba82589c19809a907be0a70e60f132035129b7b3879a3d7ae0ff0b6260740d,2024-01-29
62,62,Gregoryp.62@example.com,ec79d4fec7bb4d1bd2fa4e5481d17086f221bfaaaed26b5c8fe945ecc92ffd72,2024-01-31
63,63,Martinm.63@example.com,f3a57691112da5d7d612b8e8df7ed63aeae2da13b4a5fae85396af1c23a23d96,2024-01-27
64,64,Harryk.64@example.com,bdf9e04bcf14fa975c1a19445095872c09ac25d1685262b133d379be042f647a,2024-01-30
65,65,Sarahc.65@example.com,ae374cbbf66637bf4dae391ec74e73a5ead36f00c93adb9b43192c80efb6875e,2024-01-27
66,66,Brendas.66@example.com,ad4715bc4ef5be0bb51c7b163822e669a7176da3ca6fc7239a1b25044a74abd0,2024-01-28
67,67,Seanr.67@example.com,0c511726feae257a3b56bacf662191667310cb915b44f29e2379a285d5f54efa,2024-01-27
68,68,Scotts.68@example.com,d98ad4efd7058c9899cd2c9ecd5d6ab23ecd12ab2ebeea869722f7837108e8fe,2024-01-28
69,69,Dianaj.69@example.com,83f5a6f9f11fd0ab4878cf0797ef10532ec09a006cbf7d26142bc8df83088a61,2024-01-27
70,70,Jasont.70@example.com,15ba755d3d49a1786828a8dafa781f71b416d20b6ed6352a27418149e11f9679,2024-01-28
71,71,Jenniferl.71@example.com,b0eb0c1131fcf2290b8bc0b7e70d4132fb22524c50a93735076cfca7709b2c87,2024-01-31
72,72,Jasonw.72@example.com,3a9be14345a0f5f5e88cf068290f7af265c6242421457a4a482358f5b7f9ba40,2024-01-29
73,73,Laurag.73@example.com,e425b0a02ce3fd28fe70e6a23f0652f0d598475949133d7f34689f1aea45d96f,2024-02-02
74,74,Kellya.74@example.com,fb6110736f86f694151dbf9630d769e538ecbc97b9099870c96b1b2edf10f4cd,2024-01-27
75,75,Alanm.75@example.com,339a9f837123303c5bb6ef3a94ffb07e0c557ac25e55df365843ae8f0b52808a,2024-01-27
76,76,Amyf.76@example.com,05cddc487372d68e9b50f297a11ce5dec81c86d69cdd3313afb318967423cb8c,2024-01-28
77,77,Rosel.77@example.com,aa70d7eb3a5a154cf21ec2f8018f30b002b12a9e8921014299b5c5b8f5439181,2024-02-03
78,78,Saran.78@example.com,850c7e8c6e89f3dd5dd90537bcea948fd4a85997a53f229fa98c69e106f5848c,2024-01-30
79,79,Jimmyd.79@example.com,73a9a1920f9d16b2738d8790878124af8ac87812de5ee198509fe6cff92ac86e,2024-01-28
80,80,Martinf.80@example.com,d345e0f49866b84abddad5df590f55dcf81572013412ee48dc13699062b03157,2024-01-29
81,81,Margareta.81@example.com,a42678cd61524b2adb35570c6100069d1c0b98a687d23de33c3bb9e6ccea3980,2024-01-29
82,82,Margaretn.82@example.com,ee1fde04ebafdd1f8a2be616cc3e8a3ede4d186602bc6282823e5eeec72d07f4,2024-02-01
83,83,Harolde.83@example.com,ecc9fde71b5b580c2eb62c63128c483e5ebf6cec2540695e87e72246df7d2798,2024-02-07
84,84,Adama.84@example.com,0fd903d1e52d57c106a391e58ba01a7fe9976f540125b22e8793896cec950317,2024-02-01
85,85,,154488a2ba9dee7f9a64b96e7b8ce594eb3acbe016992667ce20191be94bf9b5,2024-01-27
86,86,Jimmyj.86@example.com,17f6c6de84f309bd69e948ea2905a3e7230a9b1811359eed532e997c5848d7aa,2024-01-27
87,87,Annab.87@example.com,69d14fd4886ba0d492689e5b91fdeef71cbd8af67fb001b6e09f55996f498f1a,2024-01-28
88,88,Gregorys.88@example.com,d60e0722f070dffaec650f8cee453cd167aeafd77800eaccfe16213604e23f1b,2024-01-27
89,89,Katherineb.89@example.com,b9199f44a565c497d75ea4d3b78248b142df1dabf31c026bdc055b1d42a4a4b2,2024-01-27
90,90,Kimberlya.90@example.com,2bc2436d6353d3824c6e29db3b775ae8231926da2dd0f7d579a53b6e16b6b0ed,2024-01-31
91,91,Andreak.91@example.com,ceff5171d2108fbaf6b4281d38f28e0613db34541ccbdb8b353865d4fb01954c,2024-01-30
92,92,Shawns.92@example.com,28383fd8f4fb021359b5a958d8e377f09f021c72ebe7e63ee8682108935bcf34,2024-01-29
93,93,Alans.93@example.com,e0b9d7c1f6ea03b4f44b254d5216d9e59fd8a98f7e57db9eabbb8b6f8428cf6b,2024-01-28
94,94,Aaronr.94@example.com,c89cb2602dcff547ceb2c7115655caf1bc427337b6c96061c48dd058afd32ae8,2024-01-27
95,95,Virginiae.95@example.com,41f51a864c22d225f68c332ca9b8a93992bdf3f60fe94c35457861fb9be294bf,2024-01-28
96,96,Virginiaa.96@example.com,8ec19da0fdd46f22a6c3a5f3f6da72ae80defb37e160850c51bdaae31aa8e051,2024-02-03
97,97,Timothym.97@example.com,0d83e71307065c3ef31c3b07d950247970d4dae2d07591e2dbeb6bc99159ce7e,2024-01-31
98,98,Edwardn.98@example.com,33bac291026ccb0d5d48c42493e03b980c16b5857f56b5ceb9faa94c5f33190e,2024-01-27
99,99,Haroldo.99@example.com,ce98475fcbe42fbd6c141f18038296226b5b2654daec87a5fe007eee27cb82cf,2024-01-28
100,100,Lauras.100@example.com,5a2adf94ec2ad7f930d74452c78e310816be23331256b1943cecf95936242e5e,2024-01-29
101,101,Stevem.101@example.com,452468dabeb4caabd58aa5037613c235e5d0bb6cbbdc0b55e7c26efa1963a6b4,2024-01-28
102,102,Harrye.102@example.com,6869f0a0e7eff047cd8e36c83d9cb087d67530eb8af6a093dcaed40200331e7c,2024-01-31
103,103,Howardh.103@example.com,6dcc243e14d92d94cc8d950e9b127564db46b45f23ed5c93a10305e8e0092aa2,2024-01-27
104,104,Jasonm.104@example.com,e31f6bdb74e5c4970c1549b25fcbf131322332ecd3e59ae0042965ef80278d88,2024-01-29
105,105,Judya.105@example.com,02cc9e13e9ee9355ca0eaaff470fcc5b2c94095de857e1241d66d5956f85dc34,2024-01-28
106,106,Timothyo.106@example.com,4d96551752efad5262b69b6c5eb92390cc17dee21eec20cb6531b6061ff3f130,2024-01-28
107,107,Adamw.107@example.com,af295cd0a5926f2d1b715f160930f1f01d58a0bc68643040f153faf91bd93d84,2024-01-29
108,108,Shirleyj.108@example.com,1a97083c3e905c75a5f8dc9fc931a92916672231e9b5d2bb116f6d544fc4565f,2024-02-01
109,109,,e5afe8e0a1339cd034f48ec3b7eb4f9726c265f65cf566339227645abc22893c,2024-01-27
110,110,Sarat.110@example.com,0067dcb58d803f7f847c7d9260408434e73e8e12110d97e90146294f2e944223,2024-01-28
111,111,Janetn.111@example.com,6b5fb4dcc858a2cef504f20da375f95787a1dee9a1265f17b30407054fefd568,2024-01-27
112,112,Alanf.112@example.com,012e12cc8c11c3e4712b24f3e69827eb14d18b34a2792048362b3a0bc5d0f2f6,2024-01-27
113,113,Todds.113@example.com,5eb7c367c544241e78b950d3640e01fa078230b3a646a76e81b5e3d12d2878d2,2024-01-28
114,114,Judyr.114@example.com,335289601b85462d1f384d16a2e8cdeaf938cfb07dc226a41c326429564b556a,2024-01-29
115,115,Nicolen.115@example.com,8530731d5f652adff50c900274612f88f3b6f7dff08cacb2484e376ecab3686b,2024-01-27
116,116,Jeanr.116@example.com,8409425327e1efd145e86cce740020db30f5c8bcaf6793def80738cec0e9fd66,2024-01-29
117,117,Saraf.117@example.com,c2095c3b4848dee57629fd0895f72ecc3dd5a44408754a04a98c26fd02ac372d,2024-01-29
118,118,Henryk.118@example.com,a2d16e998c1d7ef61790b5fdee24233d5a5b49c3645498aedb20ea570b63b95b,2024-01-30
119,119,Timothyj.119@example.com,1ddeb1b024cbb06b60dcd17c22e8c1aafa23a35e50b9e6879d1959c2beb09b26,2024-02-01
120,120,Jasono.120@example.com,11d2b0c58a962d5bfafd5efd80f327a0a3c20d8a41eb4f2892fb5f40c918f1eb,2024-01-28
121,121,Jeank.121@example.com,93b3017b216d10e3f265ddc065826d0e93aac48b999a25b5f506148edf30285c,2024-02-09
122,122,Marye.122@example.com,d8bbbd63065cde1b8d6012e02ad7a9bf034d26b2be370ca49c026215ddf65069,2024-01-30
123,123,Toddf.123@example.com,e1926027c7b9c9ebf6e2fafdc1a992cbd0e41b452542364899bcdc95f9732b74,2024-01-27
124,124,Kellya.124@example.com,470ac986b36502740d05c5cd0fbf9685515ecc8b72d7e95e06468ef3e471e891,2024-01-27
125,125,Kathrynw.125@example.com,8d6d40da6594442729962dabc527c32b6f6dd5aec90b5029c747e88686eb0fe6,2024-01-27
126,126,Howardm.126@example.com,fbc2a352fb58108613e593aa629c15ca2ff972b9ea2dc59e432d1987f71dc417,2024-01-27
127,127,Margaretl.127@example.com,f978f6196144ac54df023a25affb5c4842f2e57bbb2288b5ae269c6acbf308cf,2024-01-28
128,128,Jimmyj.128@example.com,b72119ff4c6809f25b07a0b24a01d9c5bd735db79501223be3eaba9a020ca416,2024-01-30
129,129,Jacka.129@example.com,a2c6a5057a822d429dc828b8460ff346266db6a8cbc563014baa8e7953d14e9c,2024-01-29
130,130,Brendad.130@example.com,a70eecfc983de987b051f669d92723a130a07d4b1e99b40ab8b27919fc0fe7c7,2024-01-27
131,131,Billyp.131@example.com,179112551975c267ca6cb6b27e2ef2267f33e96607c727dc6a5e497d77f1364b,2024-01-27
132,132,Billyo.132@example.com,68f031db491ed26790e18144286a689bff7cb8165f0e4c9da26010d23fd26d1b,2024-02-03
133,133,Mildredl.133@example.com,a7538e33ba1294a5a713ad111f10073636822071d42ea3f7a4c6362601cd2d6c,2024-01-27
134,134,Louiseg.134@example.com,cbd588c24dc7b93a2aaaaf5eb582159eec714585a9eaf9cf2f05459ed308c9d1,2024-01-28
135,135,Lisae.135@example.com,7f5888ac5366c66b24fb124a22f715a4487bc1c92f3a4da5f71a300d026e3dff,2024-01-29
136,136,Kathleenm.136@example.com,1d28d2f2f7e4b4c81f9615731994ea585a0987a700b871a080c607afad8b4269,2024-01-27
137,137,Margaretb.137@example.com,d8a98cd4d93791547d00c007ff28587bd6874f78e5db34fa9657698f74999b6f,2024-01-27
138,138,Geraldk.138@example.com,c1bc8d7a358f571f89269012deafd206d6d7bf764eb5c73bc68ab1f44df6adaf,2024-01-27
139,139,Katherinek.139@example.com,2f5faef2a34481f6baa83291bd408c3a5e93ab5ad2b0e1a34ef95ebdbcd20ddb,2024-01-29
140,140,Francesw.140@example.com,be32d98220ee6a03980e498ac6f54e61a85a4c8fa3725f7bb37c3dbd1b71a092,2024-01-30
141,141,Steven.141@example.com,eb8a1dd0430fd8cf4fba2ec6680b35266c7cf7ccf69d29d96c37547db810e9d4,2024-01-27
142,142,Jeang.142@example.com,7e867664dc7b0375ede3c05b83eed28e96e0b4928b3464a0f461bfbed7bc1aec,2024-01-28
143,143,Teresak.143@example.com,a59683a184470f1e11736195b39b48051a8b8f68fdc347c86aa5e934d822e1e5,2024-01-27
144,144,Kathryns.144@example.com,1b1b4a5ab204e0e4116d93d418fb7da469fa3393d4127469fc6a1fae4b995333,2024-01-27
145,145,Jasonc.145@example.com,53df14d68c25362d64d1d80d535a96acf3a48125b67de0fd974e8b5bc0cfd228,2024-01-29
146,146,Joshuam.146@example.com,a44da5374c47e38380419a2c8bbb240dc6037c77d9b4b82d77e1cd27099665fe,2024-01-27
147,147,Geraldg.147@example.com,22c3868a48e5aff4e528d1b7d4c1ef23aa07ea5ed002a6f9ff93dac924d2a2ac,2024-01-28
148,148,Martinm.148@example.com,9b668ad916c6977c70b4628f7d78a4349d044a3b2120470163b1926f9d854d35,2024-01-29
149,149,Williea.149@example.com,a1001660b499068fc43c5a1fa51d25413bbb018ecb8c776420739e1feadcc788,2024-01-29
150,150,,cf7bda3df790470b1b5543f7fc4d8e197c903e09bcbd9ca5e4c1f6e2a40dabf0,2024-01-28
151,151,Jacquelinea.151@example.com,84d76be6ea9760d95e61883a7590bec7cd9e11a22d7e4a5d7094b4193f6cbf97,2024-01-29
152,152,Laurab.152@example.com,7293b033b1d1a6c2c56b2d84e8adefc527c40398561e6094d41472ca6e722cfc,2024-01-31
153,153,Janeo.153@example.com,e0f55a76d25dc21ab91b1e7ebd0ec3acaa8166460bae31551592ee114280050c,2024-01-28
154,154,Davidh.154@example.com,2ca03a82511ca57a916691cf9cddfccd68f1387cbb67f493077d47d385b09983,2024-01-31
155,155,Geraldf.155@example.com,6ec89bcf76f7b6ca40ff68568cc81af82e7959565632eea71634a3086cf1fc0a,2024-01-30
156,156,Virginiab.156@example.com,8bb8967b79f4d3a8ecd9b214dbb4bd696aaafc6049416213a262d9c428d76a60,2024-01-27
157,157,Harryn.157@example.com,a1024d6123d4bc2c4f564a4ecbce4efcab7c47a70d43a0935265b9f869ec603f,2024-01-31
158,158,Virginiam.158@example.com,df52b23e33eea14a9e8550c01bbc5a573025c7ec22915c0f4eefcba266b1428a,2024-01-29
159,159,Frankg.159@example.com,10b459228f89f7cc429847673531b44b7f4b84be47d26c16c42cac6b28ef34a4,2024-01-27
160,160,Victors.160@example.com,26d7aa6ad7731df698cf3f3aa49d5d46504e2e6a59b048e4970b82e445c16288,2024-01-28
161,161,Andreaj.161@example.com,98843076d07f301c72dedccb2b977efafea8e83cdd7333db84ab1f72a4564256,2024-01-28
162,162,Helenk.162@example.com,312a541ad9a2400827c2749b5c8ac1ede772336c3816af354014e3d5a541f349,2024-01-28
163,163,Maryb.163@example.com,66cb17df301e9488a7bf88b069cb5f036278e49b7bf96f4ad1941e2de5258882,2024-01-28
164,164,Adamd.164@example.com,65e6106a29247dac520f98d2cf408609d4e02393dc1eb799a621a9572d5714a9,2024-01-27
165,165,Michaelc.165@example.com,f8a3e5ec1042d8a5911a2409e17ad02e235c5e223689e1330488990579e3452f,2024-01-27
166,166,Geralda.166@example.com,9f4b6be06d28bf8dea3fcce3a472cd18a0c5743f20a906c59eeab0f490fc6986,2024-01-28
167,167,Kellyn.167@example.com,03f4909cdda2a2ff989d8c11da68330dffb36b4b47c6ede736e9d5c7d7b604ab,2024-02-01
168,168,Johnnyk.168@example.com,1a8315797a81684f3c73d9f0aa7a0c1baad54db3a356d8309d36da8d263f605b,2024-01-28
169,169,Dennisl.169@example.com,1bca40efc373d62895477d432a30a43e3fbc1858236e7e18c02319e8ba9abe4b,2024-01-27
170,170,Sarahe.170@example.com,b330e6e796ed8f5310bdce3a372b7d4d6758487f4aa61c1fecd3318536be18a0,2024-01-29
171,171,Sarahr.171@example.com,aaaa094f84a1cfbb0b4e7b24fadc68065745079a77968c2006b4141527276803,2024-01-27
172,172,Davidt.172@example.com,e8aae11f2ffe8f3963626e36679beb708056b2440cdd915036df30ab563003f3,2024-01-27
173,173,Shawnd.173@example.com,36059b4b378221c7e332b6f3cfc0f358df4df9fd57c4f321beb1f2082452ab08,2024-01-27
174,174,Jimmyc.174@example.com,5f404f584260ae0111d5c2800856ce97853b327d91dd41c31860b4912b986877,2024-01-29
175,175,Brendak.175@example.com,0c859abaddb3177b3c997f4753efecd951be436497bed0f9ce85398304bf6c5c,2024-01-28
176,176,,effbdcd488103d5b622112dd4bdf567d460a0fe93e6da797f900ad77acfd9296,2024-01-29
177,177,Todds.177@example.com,5fccbd90ce2f02769a462b4acf604bd0d1de1e9f4b986347fdd20fa00c82ac86,2024-01-27
178,178,Louisej.178@example.com,e58a3f709cc00a78c42f741f5f5516f8f4a7ea6b36191b35bf49f93ca092af59,2024-01-28
179,179,Fredb.179@example.com,40297d968bc6a0810117b328bdb7b101654a24ca09c664c287227af18bdb998d,2024-01-27
180,180,Virginiar.180@example.com,918697b68175f330340b627edb01854446e1adb5b6f39e14a4a42510e716d502,2024-01-30
181,181,Adamh.181@example.com,a1ba5381d3daed8ddc9e5ac4f20d20da9273757a4b55640c881a28b45a2563a7,2024-01-28
182,182,Adamr.182@example.com,614f1b644baadee526c76b465be7dadc0cd6b90e33be93721113d737c44bfcb0,2024-01-29
183,183,Janen.183@example.com,f20fb7aa616432fa76b5d14736433c9e1dd0c2af529b1f680f414305c7163711,2024-01-29
184,184,Sarae.184@example.com,e0a44d2906ccdd0d638869d1b785847f638f952f3f0cd0548b419a439a88c454,2024-01-29
185,185,Paulm.185@example.com,a6f799cfe8157b896083260abccbce1734ba9dfcfb4ffe449a2aa9e04a2c8d54,2024-01-31
186,186,Martink.186@example.com,04d9e56a3ca2b0c7fcc741874f16bc039a9cf382c8c47b2b229e82d55a1e3df7,2024-01-30
187,187,Jasong.187@example.com,f75648c9f741995f441765246a8ac298fec3cf35650f1a2924299abb56677796,2024-02-02
188,188,Jacquelinew.188@example.com,78a406dd091bec365a43941a8ab56d9eb198e36a5330dd8b506d67eafae5573f,2024-01-27
189,189,Jacquelines.189@example.com,c0d906656090208c941babcd6206682d11ea03103efe3e17cf5a910d68540d5c,2024-01-28
190,190,Virginial.190@example.com,d67ceadf91b05f727a70d332c8ee926667c23c77ac9377fe141450891fd2ec56,2024-01-27
191,191,Mariah.191@example.com,e37d030c65ad74c43ec79edb50319f85e162230001595cb970ef00d965cd8604,2024-01-29
192,192,Mildreda.192@example.com,6ddf2812351fea43232930a06479876f42517bb131b8b95287d8789dae8337b6,2024-01-29
193,193,Willies.193@example.com,4f5272b2ba93c9d2ba88d495e7b0de43969f44cdfbf2b92a118595c92f4365e7,2024-02-02
194,194,Maryd.194@example.com,4b4ea9a03f70e60bdeb437dfd20f0efdb1d9f9574482200bdda61ac937541e11,2024-01-28
195,195,Paulf.195@example.com,4f2465ee51ab4c445eae327de539babcffcb5a0c30003511f67f281eb99eddd3,2024-01-29
196,196,Katherinem.196@example.com,62563ff9d6580c80878789e8bc7785bd67e22cb41c42950c7cdce50b320924e2,2024-01-28
197,197,Harolde.197@example.com,6b70086e28e7a7f5d35df5f8e65bae0d60f080ad0e3501484fce4dd98928413b,2024-01-27
198,198,,aa8040af3597c8993124442992fda3533a508794fdf1f0bfff1955e7c3288cb1,2024-01-31
199,199,Sarar.199@example.com,8ab1a1ae16b9116901347ed8d7860a89752a2846a1bb8401faf06228f081e28f,2024-01-27
200,200,Adame.200@example.com,1f1da60d74322acd99a2de7fadc70b76c037b3cd1b141f0bd60195ba893f86d4,2024-01-28
201,201,Virginiad.201@example.com,bc5c68a953543d79a9ee197a5faec714914f4f2abd703d6ca3af3a95f8296ae4,2024-02-05
202,202,Willieo.202@example.com,c4fed6a6a4937858cc8c63237aed8ead698cfa09c260fa196a16c33b57fdeb40,2024-02-02
203,203,Howardt.203@example.com,42fb4a596cfbbfe52fbbf701c981032e1224dc9089806cd705b568089c98cb54,2024-01-28
204,204,Benjaminf.204@example.com,dd9eda1509f5cba093c47a618909b6fd929205f8748031a556b181d234dd94b7,2024-01-27
205,205,,80587d82d3b8bf9f3da52ea4a1e692a751841c986f494fb8defa4a5b1ff624d4,2024-01-27
206,206,Christinap.206@example.com,89edec93903c10d244569a9996c6ca2146d89e665022927af0629aa7373a848f,2024-01-29
207,207,Howardt.207@example.com,3a8d2d88b2596edb5ac4b2334d12c3213a5425eab81467a9d86b93fbb7c0fd1b,2024-02-03
208,208,Helenc.208@example.com,448951a63dee1464fc91fe8703f4d63ad9be503eb8568d466b3bda194c475836,2024-01-27
209,209,Franka.209@example.com,6b6127fc75b57f5c017e90744e749cf946f9893a8e7e225cd9adae936c8d8df8,2024-01-30
210,210,Dianab.210@example.com,28b5c7d85ab45077df2d19497fa3c069de95b5dcfa005e4da537e404a423af56,2024-01-27
211,211,Virginian.211@example.com,97129e8fc4f0db456b9e74a8f0d60439cead3399f2aa3a9f57fb046f1bfdeecc,2024-01-28
212,212,Brendak.212@example.com,6fedb18a896e9b8ca0d000ee8819df32d13c4944e07df9e26cd10f0e45cbe49d,2024-01-29
213,213,Margaretg.213@example.com,93530f1cf6a066933c33dd45693e247f35937c8f7a4ac04f6bae26db86a27d34,2024-01-28
214,214,Lauram.214@example.com,afe8bad155efa15ecda78bf2c3e4c75eae500b4db4232917ccb68f3feb1468d9,2024-01-27
215,215,Nicoleb.215@example.com,a7173ecd6da0d221e25eaf31f8ca8f900b941f63b1e51a3874e3ee5b048a33c2,2024-01-27
216,216,Alanm.216@example.com,f941a9579e3ff951535fbf4fd01543c99c8477ca93fca2b74cbc93ebdd960a53,2024-01-27
217,217,Sarahw.217@example.com,ce66d55fe4f45d4b41856228d452deec479ff0ff39d01f0877881e41a13f6e0a,2024-01-27
218,218,,b88f22223c3589068196bfc869bc28e5fcc7ec2b2083bfe1016a6022069cdafb,2024-01-27
219,219,Katherinej.219@example.com,0cf7e89a71fe4209b59f3a43349e83b5f61a95d6f58fc9e67d1bc0ea1d605fa4,2024-01-29
220,220,Sarahm.220@example.com,57a9014e6873627be67ee90018ac18e786273b3064b0da23544676f9d15f1748,2024-01-28
221,221,Kathleend.221@example.com,5a149eb17d152b20cf7f0a44c09e4373aeb7a16b0fcf2872fdfcda1d5df91b02,2024-01-30
222,222,Amyt.222@example.com,d92b36c32f1b15af415ce0d85b879b5d1a7501b0336c33413ddbbc073ff21740,2024-01-29
223,223,Gregoryb.223@example.com,492926ce15a24fb3e68bf6f4b7f42df6b6c465ae53bceb8e1600713e9526dfb5,2024-01-27
224,224,Jasonc.224@example.com,6b71286c9dfad006b88a0995af238d9f36139c23b4605de24ed309a0a20b3146,2024-01-28
225,225,Phillipt.225@example.com,71fafe4128de87b435ac6e2913c53c80fdc7d6913ade5ef2e07df37a081f4fdc,2024-01-27
226,226,Sarak.226@example.com,5a156baddc45123e7b09a79ff860f4627569de3b513c02a178a14b0795882265,2024-01-27
227,227,Paulf.227@example.com,8207070be8e8c95f04fcfb3b872df5acddb715dd59cca15f3a7f727d3888c7ad,2024-01-27
228,228,Maries.228@example.com,c30d1b114371c16c4be33f68bfdf366e15304dde9f92517f31573f33099aa290,2024-02-01
229,229,,4c7e46f578c18bdf16d8c803d481fc8f76539f2450126b298854e057c55cf30e,2024-01-27
230,230,Edwardd.230@example.com,850849da20f0f0fad3942980cc97775e358762a9807157bff8b98ceff01cdf24,2024-01-27
231,231,Annet.231@example.com,f3057424a664b2782b1101dd0ac9f0156e2b2c76a2d840a58b80274b88e4b980,2024-01-27
232,232,Seanw.232@example.com,990af60ffa149089df2d7bc57efb190d8c39cf8ffcd4d5b1b0ac975555718222,2024-01-30
233,233,Teresad.233@example.com,3666a5cd72a9b6ea2b0ec370240fe1fa69b698cc07a5f931bdcadf209ce69d47,2024-01-31
234,234,Thomasm.234@example.com,121136ce8d8faeaee62b1f98ce09d24ec74af640930f44d9e77e00cb4f00ad6a,2024-02-01
235,235,Paulm.235@example.com,70249bcc96c5520c7b66bc7ec5a0b744944960d12322201761a03dad42ed97ac,2024-01-31
236,236,Judyr.236@example.com,d4f1ce54ea16fa7ec38eafccf7fed9ba30f4f3cff59b1eddf2642a76aa21a6b3,2024-01-27
237,237,Shawnr.237@example.com,378e9245e046695e2f5e749cf6e27eb09077b75035a0c61df2b634daafb0bf26,2024-01-27
238,238,,9f529f6f553fa89dd801c52888aff89b1837c89a8e8b3ad6f349441744ac1d97,2024-01-27
239,239,Scottf.239@example.com,d73733fe19a14ea353d05bdfc34e2cad2278425311bfd9fd1036863b0f159fa0,2024-01-28
240,240,Mariad.240@example.com,7a5762b2237416c49e5331e767c102335ab79f44d49a53f4dd02cf9a38d8f8d9,2024-01-27
241,241,Barbaraf.241@example.com,102f4e42770a2c25039bbc08fd07e7990a50e8cf460005a4cd842a1f2efa020a,2024-01-28
242,242,Geraldr.242@example.com,a940edf46b5d17a88dad4fd4ef15733a224910e168fcdeb831c81fbd171fa400,2024-01-28
243,243,Amyw.243@example.com,692d5efbbdf67388dcc66cdaecfa9beb4b5496c691a2a14050306e2d532832a2,2024-01-27
244,244,Benjaminw.244@example.com,310e7ad49165f5fbfb319c32f62cc414571117e74f7a98148d50115f453d593c,2024-01-31
245,245,Saraho.245@example.com,52cbad562fcf55f01ce62d1a22607c64ff78f3583e9c6b80225f79a1eebbebd3,2024-01-29
246,246,Jessee.246@example.com,aceb0382f913f5da91dce78a4f33f06cb55de3f8080ed0bcf20176fb3b3ca485,2024-01-28
247,247,Virginiaj.247@example.com,89d390a2d534e8c13b78d36fa73fd38d2bee77d1bcc4b2c1ff1c15c2b6e9bf03,2024-01-27
248,248,Haroldj.248@example.com,3f7379676cd5dc7204d3f76b5fc0c874bb0a00edc234be925fcb309382850faf,2024-01-27
249,249,Johnnyd.249@example.com,b828ae86100ac9329787b18aa309d4f14833d72957b693c376fc3cb206ab987a,2024-01-27
250,250,Henryc.250@example.com,be44fc835694fd4ce6c108695c0636bb1ec352cb66b1edad14e2a6c4bef7756b,2024-01-28
251,251,Victorb.251@example.com,0c4d3d0d92a60afb2e1b1da4d07d918ddc6b093ba1d5571905e8fe438dc23d5e,2024-01-27
252,252,Judyf.252@example.com,9f0d6fd48aa298bb44494f89e7d3e45d9d0184f3ad53b0701186fc17835dc344,2024-01-27
253,253,Mariab.253@example.com,5bcfcfe2f7a32c37b117b54b8b0b0cf67b94b51bb135034bf6944c4fbce5ad1b,2024-01-27
254,254,Amandam.254@example.com,333afb777d5f470e291b50d8582ef8cf4d211dcc62ff1e982e65949f906f3e55,2024-01-29
255,255,Jeanp.255@example.com,95a6d83f091f4d199439f9f60e062cf1d17435b858ef3e480d3ed5679291461f,2024-01-28
256,256,Johnnys.256@example.com,b478bca2976b5b51cf17baff064e7ce25d744a14f79ac26e31832a6a453ad094,2024-01-28
257,257,Jacquelinet.257@example.com,344f51667efabd4708aa15b0a5848fc56723ec7c1cb6b228208bd8327fe45764,2024-02-02
258,258,Haroldm.258@example.com,d1486410845ff9e7fc89257660ebf602c182647dc24abbf675345b197184ebf3,2024-01-28
259,259,Katherinen.259@example.com,41cb53b816456804c72c681fdcdc2f10888f4aeee934898ac1dd65dd73e1384d,2024-01-30
260,260,Nicholasl.260@example.com,a244cc4191008768d92d86d47f44277fc9c2becffa25f3819b2293fb1caae52f,2024-01-29
261,261,Nicolep.261@example.com,24b9ac647b3cdd09d933ddf25612ff741e7ce5a273746ff36fa476f98a43e203,2024-01-27
262,262,Amyl.262@example.com,4c3630ebd9793db1c8eb9e3e3ffdcb8f4e42bd155c96d7028af9011fa368d8e9,2024-01-27
263,263,Timothys.263@example.com,56a4b974a8abc74538b22ef2e52fe6487523f5f1dd523f74dd15ae7e66f02691,2024-01-28
264,264,Katherineh.264@example.com,4c3f748563bb6a3d74ab590c74be6f4f02be7a4d619d60a0f219920dcc1f3ee9,2024-01-30
265,265,,4912d562a786402933ea114006e4740af745cf7413d65550adbc39b9196f19bd,2024-01-28
266,266,Brendak.266@example.com,60383af14d5fab0f182c582130e3e6f14611835428ea2a1119575a6dd90f37d8,2024-01-27
267,267,Michaeln.267@example.com,8f8ecefd902f002e719e9fa265b8df393e391f69afd803574509a43eb1f7bc99,2024-01-27
268,268,Gloriah.268@example.com,e88cb4e85a3a73c92d5691a5a97a46f0b52b143f51f391c1b1743678d08fecc1,2024-01-27
269,269,Shawnc.269@example.com,0c8a17b02443970e1dbdbb5eaa913baf9118d3ec252ef35d31a44974bc70e1b7,2024-01-31
270,270,Katherineo.270@example.com,ceebbed510faf9fcc2bac57459b9f9f799536ed7413ed72631f12d675322e937,2024-01-28
271,271,Dianae.271@example.com,5f42247b77a6911db4e3b57aa502dfffd2f8a82d7a3904fee01343b68d5a243e,2024-01-28
272,272,Normam.272@example.com,5992785a00cacec7aeb1a0de0eaf50445df20abbe934cf3b0a8e15f67f5cf1be,2024-01-27
273,273,Katherinel.273@example.com,1628bbd12af03d440f18aaba8195ef956d71131ca08a3583a50cbc4526ae35d2,2024-01-27
274,274,Lillianr.274@example.com,47a47076678cba9e03799680503424d1b342f3c85b585e4f0f6702fb015755f8,2024-01-27
275,275,Jacquelinec.275@example.com,28c5636f364914c0913a7ab3adb6d5507bf17db2dbbd9f449d81876cf50cca79,2024-01-30
276,276,Arthurc.276@example.com,aa7edf086b54187a96e54e7bf93a240d526859358fd484706e436c75b3b441fc,2024-01-27
277,277,Jesser.277@example.com,0c1af83016ec362da3dc5a2418e43ce1078a52afc49ccfde0f74743a6ca8b727,2024-01-28
278,278,Franke.278@example.com,ac8c7afac4c7f224b1f0ea699bf82d43deb5e8adfe57f14bd913db016437550e,2024-02-01
279,279,Joshuaa.279@example.com,001c1fe91923baa0d25ac1856b7fc479e37670bd63ad2a1a5c67708e00d2dc57,2024-01-30
280,280,Gloriae.280@example.com,f11866e7355eb6003cf94646fc69e77cf02e2bfcd081000e0e401b5774f80024,2024-01-30
281,281,Shawng.281@example.com,d6047d6bb736145c83092180ab58b40eb5bb8d2a8d1a4907d238c1a983fe020a,2024-01-27
282,282,Louiseb.282@example.com,820e15a7b76f6bee92f0b2c3929ce367c8a5e47c5f39226e85fea9e4c9143cfb,2024-01-28
283,283,Benjaminr.283@example.com,d5a5f4ba0346e69102c62eba7c10e09b36cc1ab67f537afd1e62fe48abb9d3b6,2024-02-02
284,284,Kathrync.284@example.com,991922861fa7244a9bfabe97282fc2e0c87c78a91128c4acae1620b503731d44,2024-01-28
285,285,Geraldm.285@example.com,7aca74c2b6fe6c38fd4f82f89438cd7c00a69266c3097ca14511b46531585b31,2024-01-28
286,286,Michaelh.286@example.com,d294975d84bf6d66165511a9d3891cc5f016792b9b9b82096b8e1a7518b6c01d,2024-01-28
287,287,Mariam.287@example.com,b8763c20227d6ed55815fce3f86db2a3bd448d6ea848f618fb59eb84f253ea30,2024-01-30
288,288,Michaelo.288@example.com,d0dd7ef32d71452b9f3cbdacf8109c7e9529bbe4fd8a968847871044f4bbb155,2024-01-28
289,289,Anner.289@example.com,0ca27c7c86ea700bc0fc1df336e8fb0cddcbd152dc465afec66fb21b1c34dbc6,2024-01-28
290,290,Geraldn.290@example.com,b728b71c95028ea874027b12f4b345e3b2e1195895811f1dab1ff149c8641873,2024-01-29
291,291,Arthurr.291@example.com,18df898b49db3f462c1270ea9b9ec874b1504f3cd8eb0512c72057e2898a08a3,2024-01-27
292,292,Denniso.292@example.com,ce6412daaf1472b3ae83629727f667f1c2e4bfbbc3a86737b52ba69a3c6efe90,2024-01-30
293,293,Shirleyc.293@example.com,cf406c256e9bc15d2549a95040b266fd92fedd543ec1c05f02e637160e6ebb97,2024-01-27
294,294,Phillipd.294@example.com,15da7d7d83d98dad8d700e04d975dd37c3735eb2486a389a5ad48e10fb89319c,2024-02-04
295,295,Dianaw.295@example.com,3cdf8e4c413d7387ac4a66613cc7eb8f9c8bb250d9a8ebd49e59b65fa094eea6,2024-02-02
296,296,Kellyk.296@example.com,1dc92996891ce805f81ddaa0ecc36e9ff37c525cbe093c55fdc1cf50060d718e,2024-01-27
297,297,Janete.297@example.com,323f2917b96d240f2c7232f3da42750cf7238bb7d38e07682c7c58b0bcf0c092,2024-01-31
298,298,Victora.298@example.com,9ab1044337fb717a60389f28bd8a041e5871ef5512cf7635fc822651d496999c,2024-01-28
299,299,Helenj.299@example.com,984d7c62922e659e8ada1aa8509d758a5933b33159f384ffeb121e94547ff32c,2024-01-27
300,300,Geraldw.300@example.com,4d6968f914d777d755a6faa2eebba6b275f8fff4a17b6215606f8dbe5807aac8,2024-01-29
